{"indices": {"buffer": [2, 1, 0, 7, 8, 9, 0, 1, 6, 1, 2, 7, 2, 3, 8, 3, 4, 9, 4, 0, 5, 13, 12, 11, 18, 19, 20, 10, 11, 17, 11, 12, 18, 12, 13, 19, 13, 14, 20, 14, 15, 21, 15, 10, 16, 16, 21, 15, 21, 20, 14, 20, 19, 13, 19, 18, 12, 18, 17, 11, 17, 16, 10, 16, 17, 21, 17, 18, 21, 18, 20, 21, 15, 14, 10, 14, 13, 10, 13, 11, 10, 5, 9, 4, 9, 8, 3, 8, 7, 2, 7, 6, 1, 6, 5, 0, 5, 6, 9, 6, 7, 9, 4, 3, 0, 3, 2, 0], "type": ["int", 1]}, "attributes": ["Vertex_Position"], "Vertex_Position": {"buffer": [[0.029999999329447746, 0.6299999952316284, 0.0], [0.009270509704947472, 0.6299999952316284, -0.028531696647405624], [-0.02427051030099392, 0.6299999952316284, -0.017633553594350815], [-0.02427050843834877, 0.6299999952316284, 0.017633561044931412], [0.00927051343023777, 0.6299999952316284, 0.028531692922115326], [0.029999999329447746, 0.18000000715255737, 0.0], [0.009270509704947472, 0.18000000715255737, -0.028531696647405624], [-0.02427051030099392, 0.18000000715255737, -0.017633553594350815], [-0.02427050843834877, 0.18000000715255737, 0.017633561044931412], [0.00927051343023777, 0.18000000715255737, 0.028531692922115326], [0.07499999552965164, 0.17999999225139618, 0.0], [0.03749999403953552, 0.17999999225139618, -0.06495191156864166], [-0.03750000149011612, 0.17999999225139618, -0.06495189666748047], [-0.07499999552965164, 0.17999999225139618, 6.556708509464215e-09], [-0.03749999403953552, 0.17999999225139618, 0.06495191156864166], [0.03749999403953552, 0.17999999225139618, 0.06495191156864166], [0.014999999664723873, 0.0, 0.0], [0.007499999366700649, 0.0, -0.012990381568670273], [-0.007500000298023224, 0.0, -0.012990381568670273], [-0.014999999664723873, 0.0, 1.3113415908705406e-09], [-0.007499998435378075, 0.0, 0.012990381568670273], [0.007499998435378075, 0.0, 0.012990381568670273]], "type": ["float", 3]}}