{"indices": {"buffer": [2, 1, 0, 7, 8, 9, 0, 1, 6, 1, 2, 7, 2, 3, 8, 3, 4, 9, 4, 0, 5, 13, 12, 11, 18, 19, 20, 10, 11, 17, 11, 12, 18, 12, 13, 19, 13, 14, 20, 14, 15, 21, 15, 10, 16, 16, 21, 15, 21, 20, 14, 20, 19, 13, 19, 18, 12, 18, 17, 11, 17, 16, 10, 16, 17, 21, 17, 18, 21, 18, 20, 21, 15, 14, 10, 14, 13, 10, 13, 11, 10, 5, 9, 4, 9, 8, 3, 8, 7, 2, 7, 6, 1, 6, 5, 0, 5, 6, 9, 6, 7, 9, 4, 3, 0, 3, 2, 0], "type": ["int", 1]}, "attributes": ["Vertex_Position"], "Vertex_Position": {"buffer": [[0.019999999552965164, 0.42000001668930054, 0.0], [0.006180339492857456, 0.42000001668930054, -0.019021131098270416], [-0.016180340200662613, 0.42000001668930054, -0.011755703017115593], [-0.016180338338017464, 0.42000001668930054, 0.011755706742405891], [0.00618034228682518, 0.42000001668930054, 0.019021129235625267], [0.019999999552965164, 0.12000000476837158, 0.0], [0.006180339492857456, 0.12000000476837158, -0.019021131098270416], [-0.016180340200662613, 0.12000000476837158, -0.011755703017115593], [-0.016180338338017464, 0.12000000476837158, 0.011755706742405891], [0.00618034228682518, 0.12000000476837158, 0.019021129235625267], [0.04999999701976776, 0.11999999731779099, 0.0], [0.02499999664723873, 0.11999999731779099, -0.04330127313733101], [-0.02500000223517418, 0.11999999731779099, -0.04330126568675041], [-0.04999999701976776, 0.11999999731779099, 4.371139006309477e-09], [-0.024999994784593582, 0.11999999731779099, 0.04330127313733101], [0.024999994784593582, 0.11999999731779099, 0.04330127313733101], [0.009999999776482582, 0.0, 0.0], [0.004999999422580004, 0.0, -0.008660254068672657], [-0.005000000353902578, 0.0, -0.008660254068672657], [-0.009999999776482582, 0.0, 8.742277457507441e-10], [-0.004999998956918716, 0.0, 0.008660254068672657], [0.004999998956918716, 0.0, 0.008660254068672657]], "type": ["float", 3]}}