{"indices": {"buffer": [2, 1, 0, 7, 8, 9, 0, 1, 6, 1, 2, 7, 2, 3, 8, 3, 4, 9, 4, 0, 5, 19, 18, 17, 38, 39, 40, 10, 11, 30, 11, 12, 31, 12, 13, 32, 13, 14, 33, 14, 15, 34, 15, 16, 35, 16, 17, 36, 17, 18, 37, 18, 19, 38, 19, 20, 39, 20, 21, 40, 21, 22, 41, 22, 23, 42, 23, 24, 43, 24, 25, 44, 25, 26, 45, 26, 27, 46, 27, 28, 47, 28, 10, 29, 29, 47, 28, 47, 46, 27, 46, 45, 26, 45, 44, 25, 44, 43, 24, 43, 42, 23, 42, 41, 22, 41, 40, 21, 40, 39, 20, 39, 38, 19, 38, 37, 18, 37, 36, 17, 36, 35, 16, 35, 34, 15, 34, 33, 14, 33, 32, 13, 32, 31, 12, 31, 30, 11, 30, 29, 10, 29, 30, 47, 30, 31, 47, 31, 46, 47, 31, 32, 46, 32, 45, 46, 32, 33, 45, 33, 44, 45, 33, 34, 44, 34, 43, 44, 34, 35, 43, 35, 42, 43, 35, 36, 42, 36, 41, 42, 36, 37, 41, 37, 40, 41, 37, 38, 40, 28, 27, 10, 27, 26, 10, 26, 11, 10, 26, 25, 11, 25, 12, 11, 25, 24, 12, 24, 13, 12, 24, 23, 13, 23, 14, 13, 23, 22, 14, 22, 15, 14, 22, 21, 15, 21, 16, 15, 21, 20, 16, 20, 17, 16, 20, 19, 17, 5, 9, 4, 9, 8, 3, 8, 7, 2, 7, 6, 1, 6, 5, 0, 5, 6, 9, 6, 7, 9, 4, 3, 0, 3, 2, 0], "type": ["int", 1]}, "attributes": ["Vertex_Position"], "Vertex_Position": {"buffer": [[0.029999999329447746, 0.6299999952316284, 0.0], [0.009270509704947472, 0.6299999952316284, -0.028531696647405624], [-0.02427051030099392, 0.6299999952316284, -0.017633553594350815], [-0.02427050843834877, 0.6299999952316284, 0.017633561044931412], [0.00927051343023777, 0.6299999952316284, 0.028531692922115326], [0.029999999329447746, 0.18000000715255737, 0.0], [0.009270509704947472, 0.18000000715255737, -0.028531696647405624], [-0.02427051030099392, 0.18000000715255737, -0.017633553594350815], [-0.02427050843834877, 0.18000000715255737, 0.017633561044931412], [0.00927051343023777, 0.18000000715255737, 0.028531692922115326], [0.07499999552965164, 0.17999999225139618, 0.0], [0.07093628495931625, 0.17999999225139618, -0.024352457374334335], [0.059185534715652466, 0.17999999225139618, -0.04606594890356064], [0.041021112352609634, 0.17999999225139618, -0.0627874881029129], [0.018411412835121155, 0.17999999225139618, -0.07270501554012299], [-0.006193448789417744, 0.17999999225139618, -0.0747438371181488], [-0.030127152800559998, 0.17999999225139618, -0.06868299841880798], [-0.05079611390829086, 0.17999999225139618, -0.05517929047346115], [-0.06596053391695023, 0.17999999225139618, -0.03569605574011803], [-0.07397709786891937, 0.17999999225139618, -0.012344596907496452], [-0.07397709786891937, 0.17999999225139618, 0.012344591319561005], [-0.06596053391695023, 0.17999999225139618, 0.03569605201482773], [-0.05079612135887146, 0.17999999225139618, 0.05517929047346115], [-0.0301271453499794, 0.17999999225139618, 0.06868299841880798], [-0.006193453911691904, 0.17999999225139618, 0.0747438371181488], [0.018411390483379364, 0.17999999225139618, 0.07270501554012299], [0.041021108627319336, 0.17999999225139618, 0.0627874881029129], [0.05918554589152336, 0.17999999225139618, 0.04606594145298004], [0.07093628495931625, 0.17999999225139618, 0.024352462962269783], [0.014999999664723873, 0.0, 0.0], [0.01418725773692131, 0.0, -0.0048704915679991245], [0.011837108060717583, 0.0, -0.009213190525770187], [0.008204222656786442, 0.0, -0.01255749724805355], [0.0036822825204581022, 0.0, -0.014541003853082657], [-0.0012386898742988706, 0.0, -0.014948766678571701], [-0.0060254307463765144, 0.0, -0.013736600056290627], [-0.010159222409129143, 0.0, -0.0110358577221632], [-0.013192106038331985, 0.0, -0.007139211520552635], [-0.01479541976004839, 0.0, -0.0024689193814992905], [-0.01479541976004839, 0.0, 0.002468918450176716], [-0.013192106038331985, 0.0, 0.007139209657907486], [-0.010159224271774292, 0.0, 0.0110358577221632], [-0.006025428883731365, 0.0, 0.013736600987613201], [-0.0012386908056214452, 0.0, 0.014948766678571701], [0.003682278096675873, 0.0, 0.014541005715727806], [0.008204221725463867, 0.0, 0.01255749724805355], [0.011837109923362732, 0.0, 0.009213188663125038], [0.01418725773692131, 0.0, 0.0048704929649829865]], "type": ["float", 3]}}