{"indices": {"buffer": [7, 6, 5, 0, 11, 1, 11, 10, 1, 10, 2, 1, 10, 9, 2, 9, 3, 2, 9, 8, 3, 8, 4, 3, 8, 7, 4, 7, 5, 4], "type": ["int", 1]}, "attributes": ["Vertex_Position"], "Vertex_Position": {"buffer": [[1.0, 0.0, 0.0], [0.8660253882408142, 0.0, -0.5], [0.4999999701976776, 0.0, -0.866025447845459], [-4.371138828673793e-08, 0.0, -1.0], [-0.5000000596046448, 0.0, -0.8660253882408142], [-0.8660253882408142, 0.0, -0.5000000596046448], [-1.0, 0.0, 8.742277657347586e-08], [-0.8660252690315247, 0.0, 0.5000001788139343], [-0.49999991059303284, 0.0, 0.866025447845459], [1.1924880638503055e-08, 0.0, 1.0], [0.49999991059303284, 0.0, 0.866025447845459], [0.8660255670547485, 0.0, 0.4999997615814209]], "type": ["float", 3]}}